DateLocal,T,WindDir,WindSpd,RH,P,City
2019-04-07 21:00:00,63.8400001525879,181.001998901367,6.42000007629395,61,1020.77001953125,Boston
2019-04-08 00:00:00,60.2400016784668,201,6.40000009536743,64,1020.13000488281,Boston
2019-04-08 03:00:00,56.7299995422363,207.503005981445,9.85999965667725,65,1020.26000976563,Boston
2019-04-08 06:00:00,51.5499992370605,207.50700378418,5.6399998664856,70,1019.51000976563,Boston
2019-04-08 09:00:00,45.4199981689453,31.007999420166,8.11999988555908,79,1019.23999023438,Boston
2019-04-08 12:00:00,41.6100006103516,43.5009002685547,9.3100004196167,96,1018.52001953125,Boston
2019-04-08 15:00:00,42.3499984741211,85.5020980834961,8.65999984741211,95,1015.70001220703,Boston
2019-04-08 18:00:00,43.7599983215332,111.509002685547,9.75,94,1011.02001953125,Boston
2019-04-08 21:00:00,44.9000015258789,354.502014160156,1.70000004768372,93,1007.55999755859,Boston
2019-04-09 00:00:00,42.9000015258789,352.002990722656,8.52000045776367,94,1007.63000488281,Boston
2019-04-09 03:00:00,41.0200004577637,18.5016994476318,8.88000011444092,97,1008.27001953125,Boston
2019-04-09 06:00:00,40.3800010681152,27.0104999542236,6.90999984741211,100,1007.21997070313,Boston
2019-04-09 09:00:00,39.9199981689453,35.5063018798828,8.34000015258789,100,1007.32000732422,Boston
2019-04-09 12:00:00,39.8699989318848,39.5008010864258,10.6700000762939,100,1007.27001953125,Boston
2019-04-09 15:00:00,40.2000007629395,47.5041999816895,12.7700004577637,97,1006.71002197266,Boston
2019-04-09 18:00:00,40.4099998474121,59.5,11.8999996185303,99,1004.64001464844,Boston
2019-04-09 21:00:00,40.5900001525879,86.5002975463867,13.1099996566772,99,1002.75,Boston
2019-04-10 00:00:00,39.6599998474121,109.501998901367,15.5200004577637,100,1001.05999755859,Boston
2019-04-10 03:00:00,37.560001373291,58.5008010864258,13.0200004577637,100,1002.03002929688,Boston
2019-04-10 06:00:00,37.9900016784668,57.0018005371094,10.1999998092651,100,1001.59997558594,Boston
2019-04-10 09:00:00,37.7099990844727,28.5021991729736,8.43000030517578,100,1002.80999755859,Boston
2019-04-10 12:00:00,37,16.0004997253418,13.5600004196167,100,1005.73999023438,Boston
2019-04-10 15:00:00,37.8899993896484,10.0060997009277,11.210000038147,100,1008.90997314453,Boston
2019-04-10 18:00:00,40.1599998474121,34.0004997253418,5.92999982833862,95,1009.84002685547,Boston
2019-04-10 21:00:00,41.060001373291,137.003005981445,2.58999991416931,94,1011.03997802734,Boston
2019-04-11 00:00:00,40.7900009155273,156.5,1.13999998569489,91,1013.04998779297,Boston
2019-04-11 03:00:00,39.2200012207031,329.505004882813,5.98999977111816,91,1015.94000244141,Boston
2019-04-11 06:00:00,36.2099990844727,333.501007080078,9.52999973297119,100,1017.70001220703,Boston
2019-04-11 09:00:00,34.0800018310547,320.002990722656,7.98999977111816,100,1019.64001464844,Boston
2019-04-11 12:00:00,36.6500015258789,315.501007080078,6.40000009536743,97,1021.61999511719,Boston
2019-04-11 15:00:00,42.5,318.501007080078,3.05999994277954,86,1022.88000488281,Boston
2019-04-11 18:00:00,45.5200004577637,159.501007080078,4.3600001335144,75,1022.41998291016,Boston
2019-04-11 21:00:00,46.4500007629395,150.501007080078,8.63000011444092,73,1021.98999023438,Boston
2019-04-12 00:00:00,43.1500015258789,143.003005981445,12.7700004577637,79,1022.59002685547,Boston
2019-04-12 03:00:00,43.3800010681152,162.503005981445,11.6499996185303,82,1023.38000488281,Boston
2019-04-12 06:00:00,42.8600006103516,164.5,10.1800003051758,85,1022.88000488281,Boston
2019-04-12 09:00:00,42.5800018310547,152.501998901367,9.94999980926514,89,1021.57000732422,Boston
2019-04-12 12:00:00,45.6199989318848,155.003997802734,11.210000038147,84,1020.23999023438,Boston
2019-04-12 15:00:00,52.8400001525879,165.5,14.0299997329712,72,1018.20001220703,Boston
2019-04-12 18:00:00,55.5400009155273,178.001007080078,18.4799995422363,69,1015.51000976563,Boston
2019-04-07 21:00:00,62.1500015258789,64.5019989013672,5.53000020980835,99,1011.84997558594,Houston
2019-04-08 00:00:00,61.1100006103516,337,6.17000007629395,99,1010.84997558594,Houston
2019-04-08 03:00:00,60.5299987792969,323.002990722656,9.42000007629395,96,1012.82000732422,Houston
2019-04-08 06:00:00,60.7799987792969,325.006988525391,8.10000038146973,94,1012.98999023438,Houston
2019-04-08 09:00:00,59.7299995422363,297.507995605469,8.22999954223633,94,1012.91998291016,Houston
2019-04-08 12:00:00,58.6199989318848,294.501007080078,8.52000045776367,94,1014.11999511719,Houston
2019-04-08 15:00:00,65.4800033569336,323.002014160156,10,97,1015.58001708984,Houston
2019-04-08 18:00:00,71.2099990844727,294.509002685547,10.1999998092651,97,1015.26000976563,Houston
2019-04-08 21:00:00,74.4199981689453,300.502014160156,10.0900001525879,92,1013.03997802734,Houston
2019-04-09 00:00:00,71.9700012207031,321.502990722656,8.30000019073486,91,1013.59002685547,Houston
2019-04-09 03:00:00,65.3199996948242,317.502014160156,5.8600001335144,91,1015.30999755859,Houston
2019-04-09 06:00:00,59.9099998474121,307.010009765625,4.38000011444092,86,1015.58001708984,Houston
2019-04-09 09:00:00,56.6599998474121,300.506011962891,5.6100001335144,85,1014.79998779297,Houston
2019-04-09 12:00:00,52.7400016784668,305.001007080078,3.05999994277954,86,1015.22998046875,Houston
2019-04-09 15:00:00,69,301.003997802734,4.15999984741211,86,1016.15002441406,Houston
2019-04-09 18:00:00,78.120002746582,305.5,4.17999982833862,70,1015.76000976563,Houston
2019-04-09 21:00:00,82.1699981689453,300,4.15999984741211,53,1013.22998046875,Houston
2019-04-10 00:00:00,79.8000030517578,257.002014160156,2.21000003814697,45,1012.09997558594,Houston
2019-04-10 03:00:00,65.8199996948242,164.001007080078,3.74000000953674,60,1012.66998291016,Houston
2019-04-10 06:00:00,61.4799995422363,191.001998901367,6.40000009536743,68,1012.64001464844,Houston
2019-04-10 09:00:00,57.1500015258789,167.501998901367,3.1800000667572,84,1010.96997070313,Houston
2019-04-10 12:00:00,57.7000007629395,177,7.07000017166138,85,1010.61999511719,Houston
2019-04-10 15:00:00,72.3600006103516,185.505996704102,8.1899995803833,59,1010.90997314453,Houston
2019-04-10 18:00:00,81.6500015258789,178.5,14.3199996948242,44,1009.40002441406,Houston
2019-04-10 21:00:00,84.5299987792969,182.503005981445,15.3500003814697,35,1006.55999755859,Houston
2019-04-11 00:00:00,81.2900009155273,181,15.3500003814697,34,1004.77001953125,Houston
2019-04-11 03:00:00,73.7799987792969,174.005004882813,14.3800001144409,45,1004.58001708984,Houston
2019-04-11 06:00:00,69.870002746582,185.501007080078,12.5500001907349,64,1004.46002197266,Houston
2019-04-11 09:00:00,68.4599990844727,196.003005981445,10.8900003433228,74,1003.79998779297,Houston
2019-04-11 12:00:00,66.1699981689453,215.501007080078,7.40000009536743,81,1005.41998291016,Houston
2019-04-11 15:00:00,76.879997253418,237.001007080078,7.42999982833862,59,1007.03997802734,Houston
2019-04-11 18:00:00,83.8600006103516,303.501007080078,6.26000022888184,43,1007.09997558594,Houston
2019-04-11 21:00:00,84.5100021362305,317.501007080078,7.96000003814697,29,1006.42999267578,Houston
2019-04-12 00:00:00,79.9599990844727,319.502990722656,4.71999979019165,27,1006.78997802734,Houston
2019-04-12 03:00:00,67.1399993896484,336.502990722656,6.40000009536743,30,1009.78002929688,Houston
2019-04-12 06:00:00,59.7799987792969,38.000301361084,3.01999998092651,42,1011.03997802734,Houston
2019-04-12 09:00:00,57.9700012207031,49.5018005371094,5.1399998664856,38,1010.25,Houston
2019-04-12 12:00:00,58.1300010681152,58.0037994384766,7.73999977111816,47,1012.84002685547,Houston
2019-04-12 15:00:00,66.7900009155273,67.0001983642578,9.32999992370605,40,1015.11999511719,Houston
2019-04-12 18:00:00,74.9700012207031,78.5008010864258,13,36,1014.90997314453,Houston
2019-04-07 21:00:00,79.879997253418,31.5020008087158,9.89000034332275,96,1012.92999267578,San Jose
2019-04-08 00:00:00,77.8499984741211,16.0000991821289,5.73000001907349,87,1012.57000732422,San Jose
2019-04-08 03:00:00,67.5500030517578,80.503303527832,3.38000011444092,92,1014.26000976563,San Jose
2019-04-08 06:00:00,63.5699996948242,133.50700378418,6.6399998664856,92,1014.90997314453,San Jose
2019-04-08 09:00:00,61.6199989318848,163.007995605469,4.32000017166138,99,1014.96002197266,San Jose
2019-04-08 12:00:00,63.3899993896484,186.001007080078,4.38000011444092,97,1015.71997070313,San Jose
2019-04-08 15:00:00,67.0999984741211,169.001998901367,4.40999984741211,100,1017.34002685547,San Jose
2019-04-08 18:00:00,76.7900009155273,249.009002685547,1.70000004768372,100,1017.09997558594,San Jose
2019-04-08 21:00:00,84.1399993896484,302.502014160156,5.28000020980835,73,1014.59997558594,San Jose
2019-04-09 00:00:00,83.4000015258789,352.002990722656,6.84999990463257,49,1014.46997070313,San Jose
2019-04-09 03:00:00,70.7200012207031,27.5016994476318,6.76000022888184,67,1016.54998779297,San Jose
2019-04-09 06:00:00,62.8800010681152,57.0105018615723,2.76999998092651,86,1017.14001464844,San Jose
2019-04-09 09:00:00,60.1699981689453,139.505996704102,2.75,84,1016.08001708984,San Jose
2019-04-09 12:00:00,57.9599990844727,191.001007080078,2.73000001907349,84,1015.95001220703,San Jose
2019-04-09 15:00:00,75.120002746582,193.503997802734,4.6100001335144,68,1016.98999023438,San Jose
2019-04-09 18:00:00,84.5100021362305,158,4.96999979019165,62,1016.15997314453,San Jose
2019-04-09 21:00:00,88.1100006103516,165,5.5,48,1013.07000732422,San Jose
2019-04-10 00:00:00,86.7300033569336,157.501998901367,6.46000003814697,36,1011.53997802734,San Jose
2019-04-10 03:00:00,74.5500030517578,143.001007080078,9.55000019073486,41,1012.34997558594,San Jose
2019-04-10 06:00:00,69.4000015258789,151.501998901367,11.3199996948242,47,1012,San Jose
2019-04-10 09:00:00,65.6100006103516,165.501998901367,10.7799997329712,64,1010.25,San Jose
2019-04-10 12:00:00,63.0099983215332,167.5,10.9799995422363,81,1009.70001220703,San Jose
2019-04-10 15:00:00,73.8000030517578,165.005996704102,13.8900003433228,58,1009.51000976563,San Jose
2019-04-10 18:00:00,87.8600006103516,167,18.4500007629395,43,1007.32000732422,San Jose
2019-04-10 21:00:00,94.0699996948242,170.503005981445,20.4899997711182,32,1003.59997558594,San Jose
2019-04-11 00:00:00,91.5500030517578,164.5,19.8199996948242,26,1001.25,San Jose
2019-04-11 03:00:00,82.6900024414063,165.505004882813,19.1499996185303,28,1002.14001464844,San Jose
2019-04-11 06:00:00,76.7099990844727,170.501007080078,18.0300006866455,37,1002.09997558594,San Jose
2019-04-11 09:00:00,73.8600006103516,177.503005981445,17.1599998474121,42,1000.76000976563,San Jose
2019-04-11 12:00:00,69.6800003051758,206.501007080078,7.17999982833862,43,1003.29998779297,San Jose
2019-04-11 15:00:00,79.5800018310547,8.50131034851074,6.07999992370605,41,1006.08001708984,San Jose
2019-04-11 18:00:00,88.2699966430664,5.00116014480591,16.4400005340576,32,1007.53997802734,San Jose
2019-04-11 21:00:00,89.0100021362305,354.501007080078,13.2200002670288,20,1006.54998779297,San Jose
2019-04-12 00:00:00,84.8199996948242,350.502990722656,8.75,17,1006.46997070313,San Jose
2019-04-12 03:00:00,73.5299987792969,30.5028991699219,7.40000009536743,20,1008.17999267578,San Jose
2019-04-12 06:00:00,66.7099990844727,109,7.38000011444092,33,1008.96002197266,San Jose
2019-04-12 09:00:00,60.2200012207031,119.001998901367,3.69000005722046,85,1008.65002441406,San Jose
2019-04-12 12:00:00,58.310001373291,72.0037994384766,4.5,84,1009.47998046875,San Jose
2019-04-12 15:00:00,73.5400009155273,88.5001983642578,8.77000045776367,70,1010.47998046875,San Jose
2019-04-12 18:00:00,83.4400024414063,107.500999450684,15.2299995422363,51,1009.75,San Jose
2019-04-07 21:00:00,67.6800003051758,162.001998901367,12.460000038147,63,1011.04998779297,Novi
2019-04-08 00:00:00,65.6800003051758,191.5,14.1199998855591,77,1007.96997070313,Novi
2019-04-08 03:00:00,59.9900016784668,226.003005981445,14.2299995422363,96,1007.26000976563,Novi
2019-04-08 06:00:00,57.3300018310547,261.006988525391,17.6000003814697,95,1007.19000244141,Novi
2019-04-08 09:00:00,51.9000015258789,273.507995605469,14.2700004577637,91,1008.03997802734,Novi
2019-04-08 12:00:00,52.1399993896484,253.001007080078,10.9799995422363,95,1008.67999267578,Novi
2019-04-08 15:00:00,57.2000007629395,275.502014160156,11.3400001525879,92,1009.5,Novi
2019-04-08 18:00:00,63.0200004577637,289.009002685547,11.539999961853,79,1009.34002685547,Novi
2019-04-08 21:00:00,65.1500015258789,294.502014160156,12.4399995803833,56,1008.96002197266,Novi
2019-04-09 00:00:00,59.2799987792969,286.502990722656,6.61999988555908,54,1008.63000488281,Novi
2019-04-09 03:00:00,50.6500015258789,246.501998901367,7.09000015258789,61,1008.54998779297,Novi
2019-04-09 06:00:00,49.9199981689453,235.509994506836,12.0600004196167,59,1007.09997558594,Novi
2019-04-09 09:00:00,50.9000015258789,276.006011962891,17.6900005340576,79,1005.71997070313,Novi
2019-04-09 12:00:00,44.5499992370605,311.001007080078,18.5,72,1007.95001220703,Novi
2019-04-09 15:00:00,50.4599990844727,317.003997802734,15.3500003814697,62,1009.39001464844,Novi
2019-04-09 18:00:00,55.7099990844727,302.5,13.6899995803833,61,1009.08001708984,Novi
2019-04-09 21:00:00,55.1699981689453,300.5,16.3500003814697,59,1008.71002197266,Novi
2019-04-10 00:00:00,49.560001373291,324.502014160156,14.289999961853,58,1010.58001708984,Novi
2019-04-10 03:00:00,43.8600006103516,338.501007080078,7.98999977111816,61,1012.75,Novi
2019-04-10 06:00:00,40.1500015258789,351.502014160156,7.73999977111816,63,1013.91998291016,Novi
2019-04-10 09:00:00,35.6399993896484,356.002014160156,7.30999994277954,64,1014.96997070313,Novi
2019-04-10 12:00:00,32.5900001525879,7.00046014785767,6.40000009536743,65,1016.14001464844,Novi
2019-04-10 15:00:00,39.9599990844727,10.5060997009277,4.71999979019165,64,1016.90997314453,Novi
2019-04-10 18:00:00,44.0299987792969,34.0004997253418,4.25,63,1015.88000488281,Novi
2019-04-10 21:00:00,46.6399993896484,58.0026016235352,4.82999992370605,58,1015.47998046875,Novi
2019-04-11 00:00:00,40.1599998474121,83,8.85999965667725,78,1016.04998779297,Novi
2019-04-11 03:00:00,32.7400016784668,77.5047988891602,10.1300001144409,92,1016.53997802734,Novi
2019-04-11 06:00:00,32.3400001525879,69.5012969970703,10.9799995422363,96,1015.21997070313,Novi
2019-04-11 09:00:00,33.9000015258789,94.5030975341797,13.0200004577637,97,1013.03997802734,Novi
2019-04-11 12:00:00,35.6599998474121,103.000999450684,17.25,95,1011.21997070313,Novi
2019-04-11 15:00:00,41.7799987792969,111.000999450684,18.0499992370605,92,1008.71997070313,Novi
2019-04-11 18:00:00,52.0900001525879,132.501007080078,14.8800001144409,86,1004.29998779297,Novi
2019-04-11 21:00:00,60.75,166.001007080078,12.6599998474121,86,1001.34997558594,Novi
2019-04-12 00:00:00,57.5499992370605,185.003005981445,13,98,1001.15002441406,Novi
2019-04-12 03:00:00,57.3300018310547,184.003005981445,14.6700000762939,95,1000.17999267578,Novi
2019-04-12 06:00:00,54.1100006103516,226.5,15.8800001144409,100,999.919982910156,Novi
2019-04-12 09:00:00,49.8699989318848,213.001998901367,6.48999977111816,95,1000.36999511719,Novi
2019-04-12 12:00:00,45.7999992370605,263.003997802734,9.42000007629395,96,1002.55999755859,Novi
2019-04-12 15:00:00,48.1599998474121,233.5,14.0299997329712,84,1003.11999511719,Novi
2019-04-12 18:00:00,44.8199996948242,223.001007080078,22.0599994659424,78,1003.83001708984,Novi
2019-04-07 21:00:00,70.2099990844727,163.001998901367,9.10000038146973,48,1020.28997802734,Washington DC.
2019-04-08 00:00:00,66.3300018310547,164.5,9.1899995803833,55,1019.25,Washington DC.
2019-04-08 03:00:00,63.8800010681152,166.503005981445,10.539999961853,62,1017.78002929688,Washington DC.
2019-04-08 06:00:00,61.2000007629395,185.50700378418,10.2200002670288,79,1015.83001708984,Washington DC.
2019-04-08 09:00:00,60.9900016784668,213.007995605469,9.01000022888184,85,1013.47998046875,Washington DC.
2019-04-08 12:00:00,63.4799995422363,222.001007080078,8.75,82,1012.84002685547,Washington DC.
2019-04-08 15:00:00,71.5999984741211,233.501998901367,8.98999977111816,65,1011.90002441406,Washington DC.
2019-04-08 18:00:00,75.3499984741211,248.509002685547,10.9799995422363,57,1009.90002441406,Washington DC.
2019-04-08 21:00:00,77.3000030517578,261.502014160156,11.9899997711182,49,1008,Washington DC.
2019-04-09 00:00:00,72.5100021362305,283.502990722656,7.51999998092651,49,1007.90997314453,Washington DC.
2019-04-09 03:00:00,66.129997253418,320.502014160156,4.28999996185303,62,1008.59002685547,Washington DC.
2019-04-09 06:00:00,60.810001373291,221.009994506836,3.22000002861023,87,1007.5,Washington DC.
2019-04-09 09:00:00,58.9099998474121,168.505996704102,3.26999998092651,91,1004.64001464844,Washington DC.
2019-04-09 12:00:00,58.6800003051758,275.001007080078,5.75,89,1004.59002685547,Washington DC.
2019-04-09 15:00:00,67.0199966430664,302.003997802734,6.96000003814697,70,1004.27001953125,Washington DC.
2019-04-09 18:00:00,71.4599990844727,285.5,10,53,1002.71997070313,Washington DC.
2019-04-09 21:00:00,72.2699966430664,285,13.7799997329712,44,1001.22998046875,Washington DC.
2019-04-10 00:00:00,64.6800003051758,307.502014160156,14.289999961853,43,1003.5,Washington DC.
2019-04-10 03:00:00,57.2700004577637,317.501007080078,12.0100002288818,47,1006.78997802734,Washington DC.
2019-04-10 06:00:00,52.4799995422363,316.502014160156,7.96000003814697,52,1008.44000244141,Washington DC.
2019-04-10 09:00:00,49.3199996948242,299.502014160156,7.65000009536743,61,1008.96997070313,Washington DC.
2019-04-10 12:00:00,50.7700004577637,335,7.28999996185303,63,1011.5,Washington DC.
2019-04-10 15:00:00,56.8800010681152,319.506011962891,9.75,49,1012.59002685547,Washington DC.
2019-04-10 18:00:00,61.4900016784668,311,9.72999954223633,40,1011.96002197266,Washington DC.
2019-04-10 21:00:00,63.9199981689453,307.502990722656,9.85999965667725,34,1011.47998046875,Washington DC.
2019-04-11 00:00:00,58.0699996948242,317,6.17000007629395,39,1012.80999755859,Washington DC.
2019-04-11 03:00:00,50.0200004577637,6.50475978851318,4.82999992370605,54,1015.21997070313,Washington DC.
2019-04-11 06:00:00,46.2900009155273,54.0013008117676,2.36999988555908,68,1016.29998779297,Washington DC.
2019-04-11 09:00:00,46.2299995422363,44.503101348877,2.83999991416931,67,1016.71997070313,Washington DC.
2019-04-11 12:00:00,49.9700012207031,133.501007080078,6.17000007629395,59,1017.97998046875,Washington DC.
2019-04-11 15:00:00,60.4099998474121,176.501007080078,6.53000020980835,49,1018.88000488281,Washington DC.
2019-04-11 18:00:00,68.1999969482422,167.001007080078,10.0699996948242,38,1017.5,Washington DC.
2019-04-11 21:00:00,69.4000015258789,166.501007080078,11.4300003051758,39,1016.19000244141,Washington DC.
2019-04-12 00:00:00,65.0199966430664,158.003005981445,11.8800001144409,47,1016.03002929688,Washington DC.
2019-04-12 03:00:00,62.5499992370605,160.003005981445,12.1000003814697,55,1016.02001953125,Washington DC.
2019-04-12 06:00:00,61.8499984741211,170.5,12.4099998474121,58,1015.08001708984,Washington DC.
2019-04-12 09:00:00,61.1199989318848,171.501998901367,10.7399997711182,64,1013.80999755859,Washington DC.
2019-04-12 12:00:00,62.9000015258789,168.003997802734,12.7700004577637,72,1012.20001220703,Washington DC.
2019-04-12 15:00:00,64.7200012207031,174,14.6999998092651,80,1010.44000244141,Washington DC.
2019-04-12 18:00:00,70.1999969482422,193.001007080078,15.6800003051758,67,1008.22998046875,Washington DC.
2019-04-07 21:00:00,61.6599998474121,175.001998901367,8.21000003814697,53,1022.36999511719,New York
2019-04-08 00:00:00,56.3499984741211,170.5,8.52000045776367,64,1021.45001220703,New York
2019-04-08 03:00:00,53.560001373291,181.003005981445,8.07999992370605,69,1020.58001708984,New York
2019-04-08 06:00:00,51.5499992370605,170.50700378418,7.19999980926514,74,1018.71002197266,New York
2019-04-08 09:00:00,48.2999992370605,163.507995605469,7.78000020980835,91,1016,New York
2019-04-08 12:00:00,49.7099990844727,182.501007080078,8.75,93,1013.64001464844,New York
2019-04-08 15:00:00,54.5900001525879,192.001998901367,7.09000015258789,86,1011.5,New York
2019-04-08 18:00:00,63.2000007629395,206.009002685547,6.96000003814697,75,1008.34002685547,New York
2019-04-08 21:00:00,64.0699996948242,246.001998901367,6.73000001907349,74,1006.64001464844,New York
2019-04-09 00:00:00,60.4500007629395,236.503005981445,7.17999982833862,80,1006.75,New York
2019-04-09 03:00:00,56.8600006103516,245.501998901367,6.6399998664856,88,1007.39001464844,New York
2019-04-09 06:00:00,51.7200012207031,247.009994506836,2.48000001907349,88,1006.02001953125,New York
2019-04-09 09:00:00,50,283.506011962891,1.5900000333786,88,1004.55999755859,New York
2019-04-09 12:00:00,52.560001373291,189.501007080078,2.17000007629395,92,1003.66998291016,New York
2019-04-09 15:00:00,59.4599990844727,57.0041999816895,4.71999979019165,77,1002.51000976563,New York
2019-04-09 18:00:00,60.1199989318848,106,6.76000022888184,72,1000.64001464844,New York
2019-04-09 21:00:00,55.1699981689453,129,5.17000007629395,78,998.789978027344,New York
2019-04-10 00:00:00,51.7200012207031,136.001998901367,2.32999992370605,86,999.419982910156,New York
2019-04-10 03:00:00,50.9700012207031,298.501007080078,9.55000019073486,64,1001.90997314453,New York
2019-04-10 06:00:00,48.4300003051758,297.002014160156,9.75,62,1003.64001464844,New York
2019-04-10 09:00:00,46.3499984741211,298.002014160156,8.43000030517578,64,1004.77001953125,New York
2019-04-10 12:00:00,46.9000015258789,309.5,8.85999965667725,65,1007.61999511719,New York
2019-04-10 15:00:00,50.7599983215332,327.506011962891,8.75,62,1009.39001464844,New York
2019-04-10 18:00:00,53.2999992370605,319,6.38000011444092,59,1010.03997802734,New York
2019-04-10 21:00:00,54.2000007629395,304.502990722656,5.3899998664856,55,1010.88000488281,New York
2019-04-11 00:00:00,50.060001373291,317,4.38000011444092,55,1012.69000244141,New York
2019-04-11 03:00:00,45.5200004577637,350.505004882813,6.28999996185303,62,1015.5,New York
2019-04-11 06:00:00,43.1399993896484,22.5013008117676,5.5,68,1017.29998779297,New York
2019-04-11 09:00:00,40.9199981689453,31.5030994415283,6.19999980926514,75,1019,New York
2019-04-11 12:00:00,43.1300010681152,43.0009002685547,6.17000007629395,69,1020.85998535156,New York
2019-04-11 15:00:00,50.3300018310547,72.0012969970703,4.73999977111816,61,1022.15997314453,New York
2019-04-11 18:00:00,52.0900001525879,115.000999450684,5.36999988555908,59,1021.53997802734,New York
2019-04-11 21:00:00,53.0099983215332,142.501007080078,6.17000007629395,58,1020.83001708984,New York
2019-04-12 00:00:00,49.2700004577637,133.003005981445,5.17000007629395,64,1020.63000488281,New York
2019-04-12 03:00:00,46.7099990844727,115.002998352051,4.26999998092651,75,1020.65997314453,New York
2019-04-12 06:00:00,44.2999992370605,135,2.91000008583069,88,1019.47998046875,New York
2019-04-12 09:00:00,45.189998626709,151.001998901367,5.48000001907349,90,1018.25,New York
2019-04-12 12:00:00,50.4799995422363,156.503997802734,7.17999982833862,88,1016.96002197266,New York
2019-04-12 15:00:00,57.9700012207031,168,11.6800003051758,72,1015,New York
2019-04-12 18:00:00,57.5099983215332,177.001007080078,15.8999996185303,88,1012.39001464844,New York
2019-04-07 21:00:00,68.6800003051758,198.501998901367,8.21000003814697,47,1021.16998291016,Philadelphia
2019-04-08 00:00:00,62.7400016784668,180,8.63000011444092,50,1020.48999023438,Philadelphia
2019-04-08 03:00:00,58.0800018310547,171.503005981445,8.75,52,1019.53997802734,Philadelphia
2019-04-08 06:00:00,55.689998626709,181.50700378418,8.65999984741211,67,1017.75,Philadelphia
2019-04-08 09:00:00,53.4300003051758,183.507995605469,9.84000015258789,95,1014.52001953125,Philadelphia
2019-04-08 12:00:00,55.3800010681152,195.501007080078,7.84999990463257,95,1012.76000976563,Philadelphia
2019-04-08 15:00:00,64.8499984741211,220.501998901367,8.65999984741211,86,1011.09997558594,Philadelphia
2019-04-08 18:00:00,73.1900024414063,238.509002685547,10.0900001525879,72,1008.61999511719,Philadelphia
2019-04-08 21:00:00,66.3199996948242,282.002014160156,7.73999977111816,93,1007.47998046875,Philadelphia
2019-04-09 00:00:00,60.9000015258789,263.502990722656,5.73000001907349,94,1007.71002197266,Philadelphia
2019-04-09 03:00:00,58.0299987792969,269.502014160156,4.96999979019165,94,1007.90997314453,Philadelphia
2019-04-09 06:00:00,53.9700012207031,261.510009765625,2.54999995231628,88,1006.26000976563,Philadelphia
2019-04-09 09:00:00,55.5800018310547,205.005996704102,4.71999979019165,92,1004.44000244141,Philadelphia
2019-04-09 12:00:00,58.5,256.501007080078,3.74000000953674,95,1003.42999267578,Philadelphia
2019-04-09 15:00:00,67.0199966430664,287.003997802734,4.5,89,1002.63000488281,Philadelphia
2019-04-09 18:00:00,71.8199996948242,272,8.10000038146973,60,1000.20001220703,Philadelphia
2019-04-09 21:00:00,71.9100036621094,268.5,12.3299999237061,49,998.549987792969,Philadelphia
2019-04-10 00:00:00,62.7000007629395,290.502014160156,13.960000038147,40,1000.65997314453,Philadelphia
2019-04-10 03:00:00,54.5699996948242,303.001007080078,13.2399997711182,42,1004.07000732422,Philadelphia
2019-04-10 06:00:00,49.9599990844727,297.502014160156,10.1999998092651,44,1005.79998779297,Philadelphia
2019-04-10 09:00:00,47.6100006103516,299.002014160156,9.55000019073486,47,1006.57000732422,Philadelphia
2019-04-10 12:00:00,47.9799995422363,312.5,10.3100004196167,46,1009.26000976563,Philadelphia
2019-04-10 15:00:00,54.0900001525879,320.006011962891,9.42000007629395,44,1010.51000976563,Philadelphia
2019-04-10 18:00:00,59.1500015258789,310.5,8.27999973297119,40,1010.55999755859,Philadelphia
2019-04-10 21:00:00,60.2299995422363,310.002990722656,7.73999977111816,36,1011.03997802734,Philadelphia
2019-04-11 00:00:00,53.3899993896484,307.5,4.05000019073486,40,1012.77001953125,Philadelphia
2019-04-11 03:00:00,44.3499984741211,359.505004882813,2.52999997138977,66,1015.14001464844,Philadelphia
2019-04-11 06:00:00,41.0699996948242,43.5013008117676,6.17000007629395,63,1016.58001708984,Philadelphia
2019-04-11 09:00:00,42.6300010681152,49.503101348877,6.42000007629395,56,1018.20001220703,Philadelphia
2019-04-11 12:00:00,45.8300018310547,65.0009002685547,7.63000011444092,51,1019.73999023438,Philadelphia
2019-04-11 15:00:00,57.8899993896484,92.0012969970703,6.6399998664856,44,1020.71997070313,Philadelphia
2019-04-11 18:00:00,63.7900009155273,155.501007080078,7.71999979019165,40,1019.58001708984,Philadelphia
2019-04-11 21:00:00,66.0599975585938,171.001007080078,9.1899995803833,38,1018.39001464844,Philadelphia
2019-04-12 00:00:00,61.5999984741211,168.503005981445,10.6499996185303,41,1018.34997558594,Philadelphia
2019-04-12 03:00:00,58.5,173.003005981445,9.97999954223633,57,1018.78002929688,Philadelphia
2019-04-12 06:00:00,58.6100006103516,182.5,10.7399997711182,64,1017.76000976563,Philadelphia
2019-04-12 09:00:00,58.8699989318848,184.501998901367,11.4099998474121,70,1016.53002929688,Philadelphia
2019-04-12 12:00:00,61.0999984741211,176.503997802734,13,74,1014.91998291016,Philadelphia
2019-04-12 15:00:00,62.0200004577637,181.5,15.2600002288818,92,1013.15997314453,Philadelphia
2019-04-12 18:00:00,63.4500007629395,182.501007080078,17.0200004577637,94,1010.15002441406,Philadelphia
2019-04-07 21:00:00,80.870002746582,246.001998901367,2.27999997138977,31,1019.65002441406,Los Angeles
2019-04-08 00:00:00,80.9800033569336,236,2.36999988555908,29,1017.96997070313,Los Angeles
2019-04-08 03:00:00,67.0500030517578,230.503005981445,1.91999995708466,49,1018.70001220703,Los Angeles
2019-04-08 06:00:00,56.3899993896484,14.5069999694824,2.17000007629395,68,1019.46997070313,Los Angeles
2019-04-08 09:00:00,52.5299987792969,20.007999420166,2.34999990463257,55,1019.11999511719,Los Angeles
2019-04-08 12:00:00,52.1399993896484,13.0009002685547,2.48000001907349,53,1018.84002685547,Los Angeles
2019-04-08 15:00:00,60.0800018310547,26.5020999908447,3.74000000953674,39,1019.46002197266,Los Angeles
2019-04-08 18:00:00,78.7699966430664,270.509002685547,1.5900000333786,28,1019.26000976563,Los Angeles
2019-04-08 21:00:00,84.1399993896484,220.501998901367,2.9300000667572,24,1017.35998535156,Los Angeles
2019-04-09 00:00:00,81.7799987792969,224.503005981445,3.38000011444092,23,1016.07000732422,Los Angeles
2019-04-09 03:00:00,67.2099990844727,202.001998901367,1.95000004768372,39,1016.42999267578,Los Angeles
2019-04-09 06:00:00,56.0400009155273,79.010498046875,2.03999996185303,61,1017.17999267578,Los Angeles
2019-04-09 09:00:00,52.3400001525879,90.5063018798828,2.07999992370605,67,1016.35998535156,Los Angeles
2019-04-09 12:00:00,49.3199996948242,91.0008010864258,0.939999997615814,76,1015.71002197266,Los Angeles
2019-04-09 15:00:00,56.1300010681152,66.5042037963867,0.579999983310699,64,1016.15002441406,Los Angeles
2019-04-09 18:00:00,73.4400024414063,218,2.05999994277954,37,1015.20001220703,Los Angeles
2019-04-09 21:00:00,76.4100036621094,228.5,3.59999990463257,35,1012.98999023438,Los Angeles
2019-04-10 00:00:00,69.9000015258789,333.002014160156,7.01999998092651,31,1012.38000488281,Los Angeles
2019-04-10 03:00:00,57.5400009155273,339.001007080078,9.22000026702881,25,1014.63000488281,Los Angeles
2019-04-10 06:00:00,52.75,338.502014160156,9.52999973297119,26,1016.47998046875,Los Angeles
2019-04-10 09:00:00,55.9799995422363,355.502014160156,7.65000009536743,27,1017.21002197266,Los Angeles
2019-04-10 12:00:00,52.9300003051758,1.00046002864838,5.73000001907349,29,1018.65997314453,Los Angeles
2019-04-10 15:00:00,54.1800003051758,357.006011962891,4.38000011444092,30,1020.54998779297,Los Angeles
2019-04-10 18:00:00,65.8099975585938,359.5,3.01999998092651,23,1020.15997314453,Los Angeles
2019-04-10 21:00:00,72.1999969482422,337.502990722656,4.26999998092651,18,1018.15997314453,Los Angeles
2019-04-11 00:00:00,70.5800018310547,333,7.07000017166138,15,1016.48999023438,Los Angeles
2019-04-11 03:00:00,61.9900016784668,342.505004882813,7.23000001907349,17,1016.97998046875,Los Angeles
2019-04-11 06:00:00,56.189998626709,357.001007080078,5.5,24,1018.14001464844,Los Angeles
2019-04-11 09:00:00,49.0200004577637,9.5031099319458,3.1800000667572,41,1017.47998046875,Los Angeles
2019-04-11 12:00:00,43.310001373291,14.0009002685547,2.25999999046326,56,1016.85998535156,Los Angeles
2019-04-11 15:00:00,50.3300018310547,18.5013008117676,2.39000010490417,45,1017.44000244141,Los Angeles
2019-04-11 18:00:00,70,259.501007080078,1.89999997615814,24,1015.5,Los Angeles
2019-04-11 21:00:00,73.4400024414063,236.001007080078,3.71000003814697,22,1012.51000976563,Los Angeles
2019-04-12 00:00:00,71.0500030517578,232.503005981445,4.26999998092651,21,1009.83001708984,Los Angeles
2019-04-12 03:00:00,60.5699996948242,271.502990722656,1.48000001907349,33,1009.73999023438,Los Angeles
2019-04-12 06:00:00,52.0400009155273,356,3.57999992370605,46,1010.91998291016,Los Angeles
2019-04-12 09:00:00,47.0800018310547,325.002014160156,2.5699999332428,55,1010.21002197266,Los Angeles
2019-04-12 12:00:00,43.8199996948242,325.003997802734,2.36999988555908,63,1008.84002685547,Los Angeles
2019-04-12 15:00:00,49.689998626709,334.5,1.27999997138977,53,1007.76000976563,Los Angeles
2019-04-12 18:00:00,61.75,280.501007080078,3.94000005722046,36,1006.30999755859,Los Angeles
2019-04-07 21:00:00,67.0100021362305,139.001998901367,8.55000019073486,58,1012.01000976563,Detroit
2019-04-08 00:00:00,64.1999969482422,156.5,10.6499996185303,67,1008.69000244141,Detroit
2019-04-08 03:00:00,58.7999992370605,191.003005981445,10.4200000762939,81,1007.41998291016,Detroit
2019-04-08 06:00:00,56.6800003051758,240.00700378418,13.8000001907349,78,1006.66998291016,Detroit
2019-04-08 09:00:00,50.0999984741211,268.007995605469,13.6499996185303,76,1007.67999267578,Detroit
2019-04-08 12:00:00,49.2599983215332,245.001007080078,9.1899995803833,79,1008.71997070313,Detroit
2019-04-08 15:00:00,53.1500015258789,249.501998901367,8.31999969482422,80,1009.34002685547,Detroit
2019-04-08 18:00:00,57.1699981689453,269.509002685547,8.63000011444092,71,1009.05999755859,Detroit
2019-04-08 21:00:00,59.3899993896484,287.502014160156,10.4200000762939,56,1008.71997070313,Detroit
2019-04-09 00:00:00,53.25,281.502990722656,4.82999992370605,60,1008.46997070313,Detroit
2019-04-09 03:00:00,46.4199981689453,229.001998901367,5.19000005722046,69,1008.30999755859,Detroit
2019-04-09 06:00:00,45.7799987792969,236.509994506836,9.26000022888184,64,1007.05999755859,Detroit
2019-04-09 09:00:00,49.0999984741211,258.506011962891,13.4399995803833,70,1004.84002685547,Detroit
2019-04-09 12:00:00,44.6399993896484,302.001007080078,17.7199993133545,69,1006.83001708984,Detroit
2019-04-09 15:00:00,47.7599983215332,315.003997802734,14,63,1008.63000488281,Detroit
2019-04-09 18:00:00,51.75,299,11.0100002288818,59,1008.71997070313,Detroit
2019-04-09 21:00:00,51.0299987792969,290,12.1000003814697,57,1008.39001464844,Detroit
2019-04-10 00:00:00,47.8499984741211,319.502014160156,12.0600004196167,58,1010.17999267578,Detroit
2019-04-10 03:00:00,43.0499992370605,324.501007080078,8.98999977111816,64,1012.54998779297,Detroit
2019-04-10 06:00:00,38.9799995422363,337.502014160156,7.28999996185303,69,1013.64001464844,Detroit
2019-04-10 09:00:00,34.4700012207031,344.502014160156,6.19999980926514,77,1014.84997558594,Detroit
2019-04-10 12:00:00,32.1399993896484,351,6.17000007629395,83,1015.94000244141,Detroit
2019-04-10 15:00:00,38.1599998474121,350.506011962891,3.94000005722046,71,1016.98999023438,Detroit
2019-04-10 18:00:00,41.2400016784668,19.5004997253418,3.35999989509583,68,1016.15997314453,Detroit
2019-04-10 21:00:00,42.1399993896484,39.0026016235352,5.5,66,1016,Detroit
2019-04-11 00:00:00,38.1800003051758,43.5,7.84999990463257,71,1016.57000732422,Detroit
2019-04-11 03:00:00,33.6399993896484,44.0047988891602,6.73000001907349,88,1017.14001464844,Detroit
2019-04-11 06:00:00,33.5099983215332,51.0013008117676,7.96000003814697,93,1015.73999023438,Detroit
2019-04-11 09:00:00,35.7000007629395,95.0030975341797,12.8000001907349,94,1014.03997802734,Detroit
2019-04-11 12:00:00,36.2900009155273,99.0009002685547,17.1299991607666,91,1012.38000488281,Detroit
2019-04-11 15:00:00,40.7000007629395,106.000999450684,16.6000003814697,82,1009.96002197266,Detroit
2019-04-11 18:00:00,48.2200012207031,129.501007080078,13.3100004196167,71,1005.65997314453,Detroit
2019-04-11 21:00:00,55.810001373291,150.001007080078,12.6599998474121,68,1002.83001708984,Detroit
2019-04-12 00:00:00,54.4000015258789,176.003005981445,9.97999954223633,80,1001.95001220703,Detroit
2019-04-12 03:00:00,54.1800003051758,176.503005981445,12.6599998474121,79,1001.38000488281,Detroit
2019-04-12 06:00:00,53.8400001525879,186,17,79,999.47998046875,Detroit
2019-04-12 09:00:00,47.2599983215332,232.001998901367,4.3600001335144,86,1000.72998046875,Detroit
2019-04-12 12:00:00,47.2400016784668,238.003997802734,7.17999982833862,84,1002.15997314453,Detroit
2019-04-12 15:00:00,47.1699981689453,237.5,10.3299999237061,76,1003.11999511719,Detroit
2019-04-12 18:00:00,45.189998626709,221.501007080078,17.3600006103516,75,1004.03002929688,Detroit
2019-04-07 21:00:00,67.2399978637695,221.501998901367,4.07000017166138,83,1024.41003417969,San Francisco
2019-04-08 00:00:00,65.0999984741211,247.5,5.17000007629395,83,1023.69000244141,San Francisco
2019-04-08 03:00:00,60.5499992370605,245.503005981445,2.48000001907349,91,1023.58001708984,San Francisco
2019-04-08 06:00:00,55.7599983215332,266.506988525391,3.74000000953674,96,1024.22998046875,San Francisco
2019-04-08 09:00:00,54.9599990844727,285.507995605469,2.79999995231628,96,1023.71997070313,San Francisco
2019-04-08 12:00:00,54.8400001525879,271.001007080078,1.80999994277954,99,1022.40002441406,San Francisco
2019-04-08 15:00:00,55.0400009155273,266.002014160156,1.95000004768372,98,1022.34002685547,San Francisco
2019-04-08 18:00:00,58.25,252.009002685547,3.59999990463257,91,1022.61999511719,San Francisco
2019-04-08 21:00:00,59.8400001525879,232.501998901367,5.6100001335144,87,1021.91998291016,San Francisco
2019-04-09 00:00:00,59.7299995422363,220.503005981445,6.96000003814697,86,1021.15002441406,San Francisco
2019-04-09 03:00:00,57.2200012207031,275.002014160156,10.2200002670288,95,1021.51000976563,San Francisco
2019-04-09 06:00:00,54.4199981689453,299.010009765625,10.4200000762939,95,1023.26000976563,San Francisco
2019-04-09 09:00:00,52.5200004577637,301.506011962891,11.25,99,1023.91998291016,San Francisco
2019-04-09 12:00:00,51.8400001525879,313.001007080078,11.2299995422363,98,1024.22998046875,San Francisco
2019-04-09 15:00:00,52.2599983215332,324.503997802734,14.2299995422363,93,1025.82995605469,San Francisco
2019-04-09 18:00:00,56.0699996948242,319.5,13.4700002670288,83,1026.92004394531,San Francisco
2019-04-09 21:00:00,58.4099998474121,313,15.5699996948242,78,1026.06994628906,San Francisco
2019-04-10 00:00:00,60.1800003051758,320.502014160156,14.0699996948242,69,1024.73999023438,San Francisco
2019-04-10 03:00:00,57.9000015258789,320.501007080078,12.5699996948242,69,1024.63000488281,San Francisco
2019-04-10 06:00:00,55,323.502014160156,12.6599998474121,73,1026.07995605469,San Francisco
2019-04-10 09:00:00,53.2799987792969,320.502014160156,12.5699996948242,77,1026.96997070313,San Francisco
2019-04-10 12:00:00,51.2200012207031,318.5,11.210000038147,83,1027.26000976563,San Francisco
2019-04-10 15:00:00,50.8499984741211,315.506011962891,9.42000007629395,87,1027.63000488281,San Francisco
2019-04-10 18:00:00,57.0800018310547,317.5,7.38000011444092,77,1028.07995605469,San Francisco
2019-04-10 21:00:00,61.4900016784668,306.502990722656,7.07000017166138,67,1027.07995605469,San Francisco
2019-04-11 00:00:00,62.75,301.5,10.4200000762939,62,1025.48999023438,San Francisco
2019-04-11 03:00:00,59.6500015258789,306.505004882813,12.4399995803833,68,1024.93994140625,San Francisco
2019-04-11 06:00:00,57.3600006103516,311.501007080078,13,71,1024.97998046875,San Francisco
2019-04-11 09:00:00,55.3199996948242,314.002990722656,14.3599996566772,76,1024.23999023438,San Francisco
2019-04-11 12:00:00,54.2000007629395,311.001007080078,15.8999996185303,75,1022.73999023438,San Francisco
2019-04-11 15:00:00,53.2099990844727,312.501007080078,15.6999998092651,79,1022.47998046875,San Francisco
2019-04-11 18:00:00,57.8499984741211,316.501007080078,10.7399997711182,71,1021.5,San Francisco
2019-04-11 21:00:00,59.8499984741211,294.501007080078,14.2299995422363,68,1019.46997070313,San Francisco
2019-04-12 00:00:00,57.7299995422363,298.502990722656,18.4799995422363,72,1017.63000488281,San Francisco
2019-04-12 03:00:00,53.5499992370605,302.502990722656,17.25,85,1016.85998535156,San Francisco
2019-04-12 06:00:00,52.4000015258789,298,14.539999961853,91,1016.11999511719,San Francisco
2019-04-12 09:00:00,52.3899993896484,291.002014160156,14.7600002288818,96,1013.77001953125,San Francisco
2019-04-12 12:00:00,52.2799987792969,297.503997802734,16.2399997711182,97,1011.11999511719,San Francisco
2019-04-12 15:00:00,50.9500007629395,311,18.0499992370605,88,1010.52001953125,San Francisco
2019-04-12 18:00:00,54.4500007629395,325.001007080078,13.3299999237061,78,1010.86999511719,San Francisco
2019-04-07 21:00:00,63.6399993896484,191.001998901367,7.30999994277954,67,1007.40997314453,Chicago
2019-04-08 00:00:00,60.1199989318848,264.5,10.1999998092651,65,1007.96997070313,Chicago
2019-04-08 03:00:00,54.0699996948242,244.003005981445,7.40000009536743,70,1009.58001708984,Chicago
2019-04-08 06:00:00,50.8499984741211,221.00700378418,8.77000045776367,74,1010.10998535156,Chicago
2019-04-08 09:00:00,48.9300003051758,282.007995605469,10.5799999237061,68,1010.76000976563,Chicago
2019-04-08 12:00:00,45.2099990844727,303.001007080078,11.210000038147,71,1012.91998291016,Chicago
2019-04-08 15:00:00,46.939998626709,280.502014160156,6.6399998664856,69,1013.90002441406,Chicago
2019-04-08 18:00:00,49.6100006103516,256.009002685547,2.8199999332428,65,1013.17999267578,Chicago
2019-04-08 21:00:00,52.4599990844727,196.001998901367,3.03999996185303,57,1010.96002197266,Chicago
2019-04-09 00:00:00,54.3300018310547,211.003005981445,9.1899995803833,52,1009.30999755859,Chicago
2019-04-09 03:00:00,53.0800018310547,232.501998901367,11.6800003051758,55,1009.51000976563,Chicago
2019-04-09 06:00:00,52.7099990844727,313.010009765625,14.5600004196167,56,1010.61999511719,Chicago
2019-04-09 09:00:00,45.6800003051758,333.006011962891,12.3299999237061,65,1012.47998046875,Chicago
2019-04-09 12:00:00,43.8300018310547,305.501007080078,8.21000003814697,73,1013.39001464844,Chicago
2019-04-09 15:00:00,47.0400009155273,308.503997802734,8.97000026702881,65,1014.03002929688,Chicago
2019-04-09 18:00:00,48.7799987792969,324,5.8600001335144,61,1013.64001464844,Chicago
2019-04-09 21:00:00,48.4199981689453,341.5,2.36999988555908,60,1012.39001464844,Chicago
2019-04-10 00:00:00,47.8499984741211,280.502014160156,1.6599999666214,60,1012.02001953125,Chicago
2019-04-10 03:00:00,45.5699996948242,339.501007080078,3.40000009536743,68,1013.19000244141,Chicago
2019-04-10 06:00:00,43.6599998474121,21.5018005371094,9.1899995803833,74,1014,Chicago
2019-04-10 09:00:00,39.9599990844727,30.5021991729736,8.55000019073486,85,1014.40997314453,Chicago
2019-04-10 12:00:00,38.7099990844727,55.5004997253418,11.1000003814697,89,1014.97998046875,Chicago
2019-04-10 15:00:00,36.9900016784668,60.5060997009277,13.4399995803833,96,1015.46997070313,Chicago
2019-04-10 18:00:00,37.8199996948242,80.0005035400391,13.4200000762939,94,1012.76000976563,Chicago
2019-04-10 21:00:00,39.5299987792969,73.5026016235352,18.25,90,1009.52001953125,Chicago
2019-04-11 00:00:00,39.7099990844727,77.5,18.9200000762939,89,1008.92999267578,Chicago
2019-04-11 03:00:00,40.1199989318848,88.5047988891602,21.1599998474121,88,1007.5,Chicago
2019-04-11 06:00:00,40.439998626709,94.0012969970703,22.2800006866455,88,1005.09997558594,Chicago
2019-04-11 09:00:00,42.3600006103516,109.002998352051,21.4099998474121,83,1001.55999755859,Chicago
2019-04-11 12:00:00,45.1100006103516,124.000999450684,19.6000003814697,78,998.940002441406,Chicago
2019-04-11 15:00:00,48.7099990844727,136.001007080078,13.5799999237061,73,996.719970703125,Chicago
2019-04-11 18:00:00,52.0900001525879,172.501007080078,21.4699993133545,65,994.299987792969,Chicago
2019-04-11 21:00:00,52.8300018310547,180.001007080078,24.5200004577637,64,992.469970703125,Chicago
2019-04-12 00:00:00,50.0800018310547,195.003005981445,16.2399997711182,67,993.909973144531,Chicago
2019-04-12 03:00:00,45.9000015258789,237.003005981445,15.2299995422363,69,997.22998046875,Chicago
2019-04-12 06:00:00,40.8800010681152,228,17.2199993133545,79,999.200012207031,Chicago
2019-04-12 09:00:00,37.5400009155273,224.501998901367,19.2399997711182,88,999.890014648438,Chicago
2019-04-12 12:00:00,36.1699981689453,218.503997802734,20.7099990844727,91,1000.59997558594,Chicago
2019-04-12 15:00:00,37.0900001525879,221,23.7600002288818,90,1000.71997070313,Chicago
2019-04-12 18:00:00,38.25,235.001007080078,23.0599994659424,86,1002.22998046875,Chicago
2019-04-07 21:00:00,81.2799987792969,131.001998901367,5.96999979019165,64,1019.89001464844,Jacksonville
2019-04-08 00:00:00,76.0100021362305,142,6.73000001907349,69,1020.25,Jacksonville
2019-04-08 03:00:00,72.5500030517578,152.503005981445,6.73000001907349,76,1021.02001953125,Jacksonville
2019-04-08 06:00:00,70.4800033569336,157.00700378418,6.6399998664856,84,1019.59002685547,Jacksonville
2019-04-08 09:00:00,68.5500030517578,167.007995605469,6.03999996185303,89,1018.52001953125,Jacksonville
2019-04-08 12:00:00,69.2399978637695,178.001007080078,6.61999988555908,86,1018.67999267578,Jacksonville
2019-04-08 15:00:00,78.3499984741211,179.501998901367,7.42999982833862,66,1018.46002197266,Jacksonville
2019-04-08 18:00:00,82.9100036621094,180.509002685547,8.07999992370605,56,1016.58001708984,Jacksonville
2019-04-08 21:00:00,77.8399963378906,174.501998901367,7.17999982833862,66,1013.71997070313,Jacksonville
2019-04-09 00:00:00,70.1699981689453,186.503005981445,7.63000011444092,89,1014.03002929688,Jacksonville
2019-04-09 03:00:00,70.0899963378906,184.001998901367,7.76000022888184,89,1013.98999023438,Jacksonville
2019-04-09 06:00:00,69.3600006103516,191.009994506836,7.80999994277954,89,1012.38000488281,Jacksonville
2019-04-09 09:00:00,68.629997253418,193.505996704102,7.73999977111816,93,1010.35998535156,Jacksonville
2019-04-09 12:00:00,69.2099990844727,188.001007080078,7.98999977111816,92,1009.86999511719,Jacksonville
2019-04-09 15:00:00,68.7300033569336,247.503997802734,8.07999992370605,95,1009.86999511719,Jacksonville
2019-04-09 18:00:00,73.3499984741211,221.5,8.10000038146973,75,1008.32000732422,Jacksonville
2019-04-09 21:00:00,72.1800003051758,221,9.42000007629395,76,1005.98999023438,Jacksonville
2019-04-10 00:00:00,65.2200012207031,237.501998901367,6.69000005722046,98,1006.14001464844,Jacksonville
2019-04-10 03:00:00,65.0100021362305,212.501007080078,5.6399998664856,96,1006.98999023438,Jacksonville
2019-04-10 06:00:00,65.1699981689453,257.002014160156,4.05000019073486,98,1006.88000488281,Jacksonville
2019-04-10 09:00:00,64.1699981689453,304.502014160156,3.74000000953674,98,1006.57000732422,Jacksonville
2019-04-10 12:00:00,64.3600006103516,353,5.3899998664856,97,1008.05999755859,Jacksonville
2019-04-10 15:00:00,65.6100006103516,9.00613021850586,6.73000001907349,95,1010.03002929688,Jacksonville
2019-04-10 18:00:00,67.7900009155273,28.0004997253418,8.72000026702881,88,1010.40002441406,Jacksonville
2019-04-10 21:00:00,67.6999969482422,33.5026016235352,9.64000034332275,85,1010.20001220703,Jacksonville
2019-04-11 00:00:00,65.9000015258789,26,8.63000011444092,83,1011.33001708984,Jacksonville
2019-04-11 03:00:00,64.4199981689453,25.0048007965088,7.1100001335144,87,1012.58001708984,Jacksonville
2019-04-11 06:00:00,64.8300018310547,28.0013008117676,6.17000007629395,91,1012.41998291016,Jacksonville
2019-04-11 09:00:00,65.6699981689453,29.0030994415283,4.51999998092651,93,1012.15997314453,Jacksonville
2019-04-11 12:00:00,66.2600021362305,14.0009002685547,4.71999979019165,93,1013.41998291016,Jacksonville
2019-04-11 15:00:00,73.6399993896484,66.5012969970703,4.40999984741211,79,1014.40002441406,Jacksonville
2019-04-11 18:00:00,76.120002746582,111.000999450684,6.38000011444092,69,1013.90002441406,Jacksonville
2019-04-11 21:00:00,76.6900024414063,118.000999450684,7.17999982833862,65,1012.63000488281,Jacksonville
2019-04-12 00:00:00,72.5800018310547,125.002998352051,6.28999996185303,71,1013.22998046875,Jacksonville
2019-04-12 03:00:00,68.8499984741211,143.503005981445,5.94999980926514,85,1014.26000976563,Jacksonville
2019-04-12 06:00:00,68.9599990844727,177,6.59999990463257,88,1013.88000488281,Jacksonville
2019-04-12 09:00:00,65.8899993896484,230.001998901367,5.48000001907349,94,1014.33001708984,Jacksonville
2019-04-12 12:00:00,63.5299987792969,249.503997802734,5.73000001907349,94,1015.96002197266,Jacksonville
2019-04-12 15:00:00,74.0800018310547,255.5,4.51999998092651,71,1017.35998535156,Jacksonville
2019-04-12 18:00:00,78.75,245.501007080078,4.94000005722046,57,1016.22998046875,Jacksonville
2019-04-07 21:00:00,67.1399993896484,190.001998901367,10.5600004196167,71,1020.13000488281,Charlotte
2019-04-08 00:00:00,65.8399963378906,196.5,7.40000009536743,75,1019.21002197266,Charlotte
2019-04-08 03:00:00,64.9899978637695,195.503005981445,6.73000001907349,82,1019.58001708984,Charlotte
2019-04-08 06:00:00,65.4400024414063,189.50700378418,8.77000045776367,89,1017.95001220703,Charlotte
2019-04-08 09:00:00,66.0299987792969,210.007995605469,9.51000022888184,91,1016.59997558594,Charlotte
2019-04-08 12:00:00,65.0100021362305,216.001007080078,8.63000011444092,95,1017.11999511719,Charlotte
2019-04-08 15:00:00,70.6999969482422,220.001998901367,7.65000009536743,87,1016.5,Charlotte
2019-04-08 18:00:00,76.0699996948242,227.509002685547,11.4300003051758,73,1014.78002929688,Charlotte
2019-04-08 21:00:00,75.2300033569336,209.001998901367,10.9799995422363,68,1011.47998046875,Charlotte
2019-04-09 00:00:00,73.0500030517578,204.003005981445,14.6700000762939,72,1009.34997558594,Charlotte
2019-04-09 03:00:00,68.9199981689453,201.501998901367,15.8199996948242,86,1008.78997802734,Charlotte
2019-04-09 06:00:00,67.4700012207031,221.509994506836,17.6900005340576,90,1007.38000488281,Charlotte
2019-04-09 09:00:00,63.6800003051758,233.505996704102,9.13000011444092,96,1006.59997558594,Charlotte
2019-04-09 12:00:00,62.7299995422363,269.501007080078,5.6399998664856,94,1007.10998535156,Charlotte
2019-04-09 15:00:00,69.7200012207031,1.00424003601074,4.5,89,1008.27001953125,Charlotte
2019-04-09 18:00:00,73.5299987792969,2,6.6399998664856,76,1006.40002441406,Charlotte
2019-04-09 21:00:00,71.2799987792969,14.5003004074097,2.9300000667572,84,1004.86999511719,Charlotte
2019-04-10 00:00:00,66.9300003051758,299.502014160156,2.54999995231628,75,1005.46002197266,Charlotte
2019-04-10 03:00:00,61.4099998474121,350.501007080078,9.10000038146973,70,1007.95001220703,Charlotte
2019-04-10 06:00:00,58.5999984741211,5.50183010101318,9.64000034332275,73,1009.47998046875,Charlotte
2019-04-10 09:00:00,54.1800003051758,14.5022001266479,10,68,1010.16998291016,Charlotte
2019-04-10 12:00:00,52.0299987792969,22.0004997253418,10.6499996185303,59,1012.38000488281,Charlotte
2019-04-10 15:00:00,62.9099998474121,38.5060997009277,9.64000034332275,59,1013.83001708984,Charlotte
2019-04-10 18:00:00,69.2300033569336,80.0005035400391,5.82000017166138,53,1012.59997558594,Charlotte
2019-04-10 21:00:00,71.5699996948242,163.503005981445,4.15999984741211,47,1011.03997802734,Charlotte
2019-04-11 00:00:00,64.8199996948242,154.5,4.05000019073486,49,1011.72998046875,Charlotte
2019-04-11 03:00:00,57.7599983215332,153.505004882813,7.63000011444092,53,1013.5,Charlotte
2019-04-11 06:00:00,54.5699996948242,156.001007080078,4.94000005722046,61,1014.17999267578,Charlotte
2019-04-11 09:00:00,51.9000015258789,161.503005981445,7.09000015258789,67,1014.79998779297,Charlotte
2019-04-11 12:00:00,52.6699981689453,170.001007080078,6.73000001907349,73,1016.41998291016,Charlotte
2019-04-11 15:00:00,67.25,161.501007080078,7.65000009536743,61,1016.47998046875,Charlotte
2019-04-11 18:00:00,73.1500015258789,169.501007080078,12.9700002670288,61,1014.82000732422,Charlotte
2019-04-11 21:00:00,75.870002746582,176.001007080078,12.4399995803833,56,1012.78997802734,Charlotte
2019-04-12 00:00:00,70.0599975585938,168.503005981445,12.8800001144409,73,1013.19000244141,Charlotte
2019-04-12 03:00:00,68.0400009155273,161.003005981445,13.6700000762939,80,1013.17999267578,Charlotte
2019-04-12 06:00:00,66.4400024414063,170,11.8599996566772,90,1012.08001708984,Charlotte
2019-04-12 09:00:00,65.8899993896484,181.001998901367,12.4099998474121,91,1011.04998779297,Charlotte
2019-04-12 12:00:00,65.1500015258789,202.503997802734,13.2200002670288,96,1011.47998046875,Charlotte
2019-04-12 15:00:00,71.1999969482422,218,14.6999998092651,73,1012.44000244141,Charlotte
2019-04-12 18:00:00,74.6999969482422,238.001007080078,12.4399995803833,60,1011.95001220703,Charlotte
2019-04-07 21:00:00,69.5100021362305,120.501998901367,2.95000004768372,40,1012.40997314453,Denver
2019-04-08 00:00:00,66.4899978637695,320,3.49000000953674,37,1011.48999023438,Denver
2019-04-08 03:00:00,56.0099983215332,304.002990722656,6.96000003814697,40,1015.97998046875,Denver
2019-04-08 06:00:00,45.2099990844727,256.506988525391,5.6399998664856,45,1019.03002929688,Denver
2019-04-08 09:00:00,37.7700004577637,255.007995605469,5.82000017166138,49,1021,Denver
2019-04-08 12:00:00,36.8400001525879,276.001007080078,6.96000003814697,56,1022.28002929688,Denver
2019-04-08 15:00:00,52.1599998474121,281.502014160156,6.19999980926514,47,1019.34002685547,Denver
2019-04-08 18:00:00,62.75,327.009002685547,4.5,45,1015.29998779297,Denver
2019-04-08 21:00:00,65.9599990844727,296.002014160156,6.28999996185303,38,1012.03997802734,Denver
2019-04-09 00:00:00,63.060001373291,293.002990722656,8.30000019073486,32,1011.66998291016,Denver
2019-04-09 03:00:00,50.1100006103516,275.002014160156,6.53000020980835,39,1014.42999267578,Denver
2019-04-09 06:00:00,42.9900016784668,242.009994506836,5.90999984741211,47,1015.97998046875,Denver
2019-04-09 09:00:00,41.9000015258789,220.505996704102,6.1100001335144,47,1015.15997314453,Denver
2019-04-09 12:00:00,42.75,212.001007080078,5.96999979019165,47,1013.86999511719,Denver
2019-04-09 15:00:00,56.5800018310547,208.003997802734,7.63000011444092,40,1008.78997802734,Denver
2019-04-09 18:00:00,67.6800003051758,229,6.98000001907349,37,1002.52001953125,Denver
2019-04-09 21:00:00,69.3000030517578,250.5,9.52999973297119,35,997.789978027344,Denver
2019-04-10 00:00:00,66.9300003051758,247.001998901367,11.1599998474121,27,995.820007324219,Denver
2019-04-10 03:00:00,56.3699989318848,235.001007080078,11.1199998855591,28,996.349975585938,Denver
2019-04-10 06:00:00,51.6699981689453,224.501998901367,11.1000003814697,33,994.960021972656,Denver
2019-04-10 09:00:00,51.3899993896484,239.501998901367,12.2399997711182,36,994.530029296875,Denver
2019-04-10 12:00:00,42.5800018310547,317,1.13999998569489,53,995.539978027344,Denver
2019-04-10 15:00:00,38.9700012207031,12.5060997009277,8.63000011444092,89,996.549987792969,Denver
2019-04-10 18:00:00,37.8199996948242,318.5,7.71999979019165,97,996.400024414063,Denver
2019-04-10 21:00:00,41.8699989318848,326.502990722656,11.1000003814697,73,996.039978027344,Denver
2019-04-11 00:00:00,39.8899993896484,341.5,11.6499996185303,77,999.369995117188,Denver
2019-04-11 03:00:00,31.2099990844727,14.0047998428345,15.2799997329712,82,1006.82000732422,Denver
2019-04-11 06:00:00,25.1399993896484,13.5012998580933,15.0100002288818,80,1011.14001464844,Denver
2019-04-11 09:00:00,23.0100002288818,9.0031099319458,13.2399997711182,79,1012.64001464844,Denver
2019-04-11 12:00:00,22.3400001525879,0.000885009998455644,12.5500001907349,75,1014.21997070313,Denver
2019-04-11 15:00:00,27.9200000762939,349.501007080078,12.5699996948242,67,1013.96002197266,Denver
2019-04-11 18:00:00,33.4599990844727,352.001007080078,15.6599998474121,57,1012.5,Denver
2019-04-11 21:00:00,36.189998626709,359.001007080078,12.210000038147,55,1010.71002197266,Denver
2019-04-12 00:00:00,35.0499992370605,12.5030002593994,8.52000045776367,54,1011.19000244141,Denver
2019-04-12 03:00:00,28.0799999237061,37.0028991699219,5.6100001335144,59,1015.65997314453,Denver
2019-04-12 06:00:00,22.7000007629395,117,1.89999997615814,71,1018.67999267578,Denver
2019-04-12 09:00:00,16.2999992370605,173.501998901367,5.03000020980835,73,1018.84997558594,Denver
2019-04-12 12:00:00,14.0299997329712,184.003997802734,5.6100001335144,80,1018.59997558594,Denver
2019-04-12 15:00:00,30.4300003051758,206,4.63000011444092,65,1014.47998046875,Denver
2019-04-12 18:00:00,42.4900016784668,154.001007080078,7.17999982833862,63,1009.15002441406,Denver
2019-04-07 21:00:00,69.2200012207031,163.001998901367,9.10000038146973,48,1020.28997802734,Baltimore
2019-04-08 00:00:00,65.5699996948242,164.5,9.1899995803833,55,1019.25,Baltimore
2019-04-08 03:00:00,63.3699989318848,166.503005981445,10.539999961853,62,1017.78002929688,Baltimore
2019-04-08 06:00:00,60.939998626709,185.50700378418,10.2200002670288,79,1015.83001708984,Baltimore
2019-04-08 09:00:00,60.9900016784668,213.007995605469,9.01000022888184,85,1013.47998046875,Baltimore
2019-04-08 12:00:00,63.4799995422363,222.001007080078,8.75,82,1012.84002685547,Baltimore
2019-04-08 15:00:00,71.5999984741211,233.501998901367,8.98999977111816,65,1011.90002441406,Baltimore
2019-04-08 18:00:00,75.3499984741211,248.509002685547,10.9799995422363,57,1009.90002441406,Baltimore
2019-04-08 21:00:00,77.3000030517578,261.502014160156,11.9899997711182,49,1008,Baltimore
2019-04-09 00:00:00,72.5100021362305,283.502990722656,7.51999998092651,49,1007.90997314453,Baltimore
2019-04-09 03:00:00,66.129997253418,320.502014160156,4.28999996185303,62,1008.59002685547,Baltimore
2019-04-09 06:00:00,60.810001373291,221.009994506836,3.22000002861023,87,1007.5,Baltimore
2019-04-09 09:00:00,58.9099998474121,168.505996704102,3.26999998092651,91,1004.64001464844,Baltimore
2019-04-09 12:00:00,58.6800003051758,275.001007080078,5.75,89,1004.59002685547,Baltimore
2019-04-09 15:00:00,67.0199966430664,302.003997802734,6.96000003814697,70,1004.27001953125,Baltimore
2019-04-09 18:00:00,71.4599990844727,285.5,10,53,1002.71997070313,Baltimore
2019-04-09 21:00:00,72.2699966430664,285,13.7799997329712,44,1001.22998046875,Baltimore
2019-04-10 00:00:00,64.6800003051758,307.502014160156,14.289999961853,43,1003.5,Baltimore
2019-04-10 03:00:00,57.2700004577637,317.501007080078,12.0100002288818,47,1006.78997802734,Baltimore
2019-04-10 06:00:00,52.4799995422363,316.502014160156,7.96000003814697,52,1008.44000244141,Baltimore
2019-04-10 09:00:00,49.3199996948242,299.502014160156,7.65000009536743,61,1008.96997070313,Baltimore
2019-04-10 12:00:00,50.7700004577637,335,7.28999996185303,63,1011.5,Baltimore
2019-04-10 15:00:00,56.8800010681152,319.506011962891,9.75,49,1012.59002685547,Baltimore
2019-04-10 18:00:00,61.4900016784668,311,9.72999954223633,40,1011.96002197266,Baltimore
2019-04-10 21:00:00,63.9199981689453,307.502990722656,9.85999965667725,34,1011.47998046875,Baltimore
2019-04-11 00:00:00,58.0699996948242,317,6.17000007629395,39,1012.80999755859,Baltimore
2019-04-11 03:00:00,50.0200004577637,6.50475978851318,4.82999992370605,54,1015.21997070313,Baltimore
2019-04-11 06:00:00,46.2900009155273,54.0013008117676,2.36999988555908,68,1016.29998779297,Baltimore
2019-04-11 09:00:00,46.2299995422363,44.503101348877,2.83999991416931,67,1016.71997070313,Baltimore
2019-04-11 12:00:00,49.9700012207031,133.501007080078,6.17000007629395,59,1017.97998046875,Baltimore
2019-04-11 15:00:00,60.4099998474121,176.501007080078,6.53000020980835,49,1018.88000488281,Baltimore
2019-04-11 18:00:00,68.1999969482422,167.001007080078,10.0699996948242,38,1017.5,Baltimore
2019-04-11 21:00:00,69.4000015258789,166.501007080078,11.4300003051758,39,1016.19000244141,Baltimore
2019-04-12 00:00:00,65.0199966430664,158.003005981445,11.8800001144409,47,1016.03002929688,Baltimore
2019-04-12 03:00:00,62.5499992370605,160.003005981445,12.1000003814697,55,1016.02001953125,Baltimore
2019-04-12 06:00:00,61.8499984741211,170.5,12.4099998474121,58,1015.08001708984,Baltimore
2019-04-12 09:00:00,61.1199989318848,171.501998901367,10.7399997711182,64,1013.80999755859,Baltimore
2019-04-12 12:00:00,62.9000015258789,168.003997802734,12.7700004577637,72,1012.20001220703,Baltimore
2019-04-12 15:00:00,64.7200012207031,174,14.6999998092651,80,1010.44000244141,Baltimore
2019-04-12 18:00:00,70.1999969482422,193.001007080078,15.6800003051758,67,1008.22998046875,Baltimore
2019-04-07 21:00:00,79.879997253418,31.5020008087158,9.89000034332275,96,1012.92999267578,San Jose
2019-04-08 00:00:00,77.8499984741211,16.0000991821289,5.73000001907349,87,1012.57000732422,San Jose
2019-04-08 03:00:00,67.5500030517578,80.503303527832,3.38000011444092,92,1014.26000976563,San Jose
2019-04-08 06:00:00,63.5699996948242,133.50700378418,6.6399998664856,92,1014.90997314453,San Jose
2019-04-08 09:00:00,61.6199989318848,163.007995605469,4.32000017166138,99,1014.96002197266,San Jose
2019-04-08 12:00:00,63.3899993896484,186.001007080078,4.38000011444092,97,1015.71997070313,San Jose
2019-04-08 15:00:00,67.0999984741211,169.001998901367,4.40999984741211,100,1017.34002685547,San Jose
2019-04-08 18:00:00,76.7900009155273,249.009002685547,1.70000004768372,100,1017.09997558594,San Jose
2019-04-08 21:00:00,84.1399993896484,302.502014160156,5.28000020980835,73,1014.59997558594,San Jose
2019-04-09 00:00:00,83.4000015258789,352.002990722656,6.84999990463257,49,1014.46997070313,San Jose
2019-04-09 03:00:00,70.7200012207031,27.5016994476318,6.76000022888184,67,1016.54998779297,San Jose
2019-04-09 06:00:00,62.8800010681152,57.0105018615723,2.76999998092651,86,1017.14001464844,San Jose
2019-04-09 09:00:00,60.1699981689453,139.505996704102,2.75,84,1016.08001708984,San Jose
2019-04-09 12:00:00,57.9599990844727,191.001007080078,2.73000001907349,84,1015.95001220703,San Jose
2019-04-09 15:00:00,75.120002746582,193.503997802734,4.6100001335144,68,1016.98999023438,San Jose
2019-04-09 18:00:00,84.5100021362305,158,4.96999979019165,62,1016.15997314453,San Jose
2019-04-09 21:00:00,88.1100006103516,165,5.5,48,1013.07000732422,San Jose
2019-04-10 00:00:00,86.7300033569336,157.501998901367,6.46000003814697,36,1011.53997802734,San Jose
2019-04-10 03:00:00,74.5500030517578,143.001007080078,9.55000019073486,41,1012.34997558594,San Jose
2019-04-10 06:00:00,69.4000015258789,151.501998901367,11.3199996948242,47,1012,San Jose
2019-04-10 09:00:00,65.6100006103516,165.501998901367,10.7799997329712,64,1010.25,San Jose
2019-04-10 12:00:00,63.0099983215332,167.5,10.9799995422363,81,1009.70001220703,San Jose
2019-04-10 15:00:00,73.8000030517578,165.005996704102,13.8900003433228,58,1009.51000976563,San Jose
2019-04-10 18:00:00,87.8600006103516,167,18.4500007629395,43,1007.32000732422,San Jose
2019-04-10 21:00:00,94.0699996948242,170.503005981445,20.4899997711182,32,1003.59997558594,San Jose
2019-04-11 00:00:00,91.5500030517578,164.5,19.8199996948242,26,1001.25,San Jose
2019-04-11 03:00:00,82.6900024414063,165.505004882813,19.1499996185303,28,1002.14001464844,San Jose
2019-04-11 06:00:00,76.7099990844727,170.501007080078,18.0300006866455,37,1002.09997558594,San Jose
2019-04-11 09:00:00,73.8600006103516,177.503005981445,17.1599998474121,42,1000.76000976563,San Jose
2019-04-11 12:00:00,69.6800003051758,206.501007080078,7.17999982833862,43,1003.29998779297,San Jose
2019-04-11 15:00:00,79.5800018310547,8.50131034851074,6.07999992370605,41,1006.08001708984,San Jose
2019-04-11 18:00:00,88.2699966430664,5.00116014480591,16.4400005340576,32,1007.53997802734,San Jose
2019-04-11 21:00:00,89.0100021362305,354.501007080078,13.2200002670288,20,1006.54998779297,San Jose
2019-04-12 00:00:00,84.8199996948242,350.502990722656,8.75,17,1006.46997070313,San Jose
2019-04-12 03:00:00,73.5299987792969,30.5028991699219,7.40000009536743,20,1008.17999267578,San Jose
2019-04-12 06:00:00,66.7099990844727,109,7.38000011444092,33,1008.96002197266,San Jose
2019-04-12 09:00:00,60.2200012207031,119.001998901367,3.69000005722046,85,1008.65002441406,San Jose
2019-04-12 12:00:00,58.310001373291,72.0037994384766,4.5,84,1009.47998046875,San Jose
2019-04-12 15:00:00,73.5400009155273,88.5001983642578,8.77000045776367,70,1010.47998046875,San Jose
2019-04-12 18:00:00,83.4400024414063,107.500999450684,15.2299995422363,51,1009.75,San Jose
2019-04-07 21:00:00,52.7000007629395,197.001998901367,3.74000000953674,89,1016.57000732422,Seattle
2019-04-08 00:00:00,54.2700004577637,186,4.26999998092651,76,1016.45001220703,Seattle
2019-04-08 03:00:00,50.9900016784668,142.003005981445,2.36999988555908,83,1016.14001464844,Seattle
2019-04-08 06:00:00,47.5499992370605,127.50700378418,2.50999999046326,96,1015.78997802734,Seattle
2019-04-08 09:00:00,46.4099998474121,85.0080032348633,3.08999991416931,100,1014.44000244141,Seattle
2019-04-08 12:00:00,46.0200004577637,92.5009002685547,3.15000009536743,100,1013.84002685547,Seattle
2019-04-08 15:00:00,46.2200012207031,93.0020980834961,3.61999988555908,100,1014.09997558594,Seattle
2019-04-08 18:00:00,48.9799995422363,82.0087966918945,2.36999988555908,98,1014.53997802734,Seattle
2019-04-08 21:00:00,51.560001373291,152.001998901367,3.49000000953674,97,1014.03997802734,Seattle
2019-04-09 00:00:00,52.7099990844727,197.503005981445,3.94000005722046,100,1012.42999267578,Seattle
2019-04-09 03:00:00,50.2000007629395,143.501998901367,2.73000001907349,98,1011.78997802734,Seattle
2019-04-09 06:00:00,48.0299987792969,200.009994506836,4.23000001907349,99,1012.14001464844,Seattle
2019-04-09 09:00:00,47.75,244.005996704102,4.21000003814697,100,1012.67999267578,Seattle
2019-04-09 12:00:00,47.25,283.501007080078,2.50999999046326,100,1013.71002197266,Seattle
2019-04-09 15:00:00,46.3199996948242,32.0041999816895,3.49000000953674,100,1016.30999755859,Seattle
2019-04-09 18:00:00,50.939998626709,216,4.73999977111816,94,1018.79998779297,Seattle
2019-04-09 21:00:00,55.3499984741211,220,6.96000003814697,84,1020.39001464844,Seattle
2019-04-10 00:00:00,53.4300003051758,233.501998901367,6.80000019073486,88,1021.94000244141,Seattle
2019-04-10 03:00:00,48.6300010681152,225.501007080078,10.2200002670288,87,1024.22998046875,Seattle
2019-04-10 06:00:00,44.7400016784668,215.001998901367,10.7600002288818,95,1025.92004394531,Seattle
2019-04-10 09:00:00,44.189998626709,220.501998901367,9.55000019073486,93,1026.25,Seattle
2019-04-10 12:00:00,43.0299987792969,220,10.1999998092651,98,1026.42004394531,Seattle
2019-04-10 15:00:00,43.560001373291,205.505996704102,8.40999984741211,100,1025.75,Seattle
2019-04-10 18:00:00,45.4700012207031,191.5,7.71999979019165,100,1024.35998535156,Seattle
2019-04-10 21:00:00,47.6300010681152,207.003005981445,6.17000007629395,100,1023.23999023438,Seattle
2019-04-11 00:00:00,45.4700012207031,297.5,3.38000011444092,100,1024.01000976563,Seattle
2019-04-11 03:00:00,43.9900016784668,158.005004882813,2.85999989509583,100,1024.73999023438,Seattle
2019-04-11 06:00:00,40.8899993896484,199.501007080078,6.84999990463257,100,1024.85998535156,Seattle
2019-04-11 09:00:00,39.8400001525879,205.503005981445,7.98999977111816,100,1024.23999023438,Seattle
2019-04-11 12:00:00,39.2599983215332,204.001007080078,7.07000017166138,100,1023.70001220703,Seattle
2019-04-11 15:00:00,41.3300018310547,195.001007080078,6.30999994277954,100,1022.32000732422,Seattle
2019-04-11 18:00:00,46.5099983215332,196.501007080078,3.47000002861023,94,1020.53997802734,Seattle
2019-04-11 21:00:00,50.0499992370605,20.0004997253418,3.71000003814697,87,1017.98999023438,Seattle
2019-04-12 00:00:00,50.1699981689453,15.0030002593994,8.40999984741211,76,1016.07000732422,Seattle
2019-04-12 03:00:00,46.9799995422363,8.50286960601807,10.7600002288818,75,1016.05999755859,Seattle
2019-04-12 06:00:00,45.0200004577637,7.00026988983154,9.94999980926514,80,1017.71997070313,Seattle
2019-04-12 09:00:00,44.0200004577637,12.0017995834351,8.15999984741211,87,1018.60998535156,Seattle
2019-04-12 12:00:00,41.1199989318848,33.0037994384766,5.17000007629395,95,1019.55999755859,Seattle
2019-04-12 15:00:00,42.8499984741211,52.5001983642578,3.61999988555908,93,1020.96002197266,Seattle
2019-04-12 18:00:00,53.7299995422363,19.5007991790771,4.38000011444092,72,1021.22998046875,Seattle
2019-04-07 21:00:00,70.2099990844727,198.501998901367,7.19999980926514,55,1015.60998535156,Pittsburgh
2019-04-08 00:00:00,66.870002746582,197.5,8.07999992370605,61,1014.28997802734,Pittsburgh
2019-04-08 03:00:00,60.189998626709,215.003005981445,6.96000003814697,96,1013.70001220703,Pittsburgh
2019-04-08 06:00:00,60.75,232.50700378418,6.6399998664856,95,1012.71002197266,Pittsburgh
2019-04-08 09:00:00,60.4500007629395,219.007995605469,7.23000001907349,95,1011.40002441406,Pittsburgh
2019-04-08 12:00:00,60.7799987792969,234.501007080078,6.61999988555908,94,1011.59997558594,Pittsburgh
2019-04-08 15:00:00,63.1399993896484,235.001998901367,7.53999996185303,91,1011.05999755859,Pittsburgh
2019-04-08 18:00:00,61.5800018310547,257.009002685547,4.94000005722046,97,1010.82000732422,Pittsburgh
2019-04-08 21:00:00,66.2300033569336,247.001998901367,6.84999990463257,81,1009.11999511719,Pittsburgh
2019-04-09 00:00:00,60.6300010681152,273.502990722656,3.71000003814697,98,1009.30999755859,Pittsburgh
2019-04-09 03:00:00,58.1199989318848,271.002014160156,2.39000010490417,96,1009.30999755859,Pittsburgh
2019-04-09 06:00:00,55.1399993896484,316.510009765625,2.48000001907349,90,1007.94000244141,Pittsburgh
2019-04-09 09:00:00,50.7200012207031,274.506011962891,2.29999995231628,89,1007.08001708984,Pittsburgh
2019-04-09 12:00:00,51.2099990844727,260.501007080078,5.30000019073486,92,1007.63000488281,Pittsburgh
2019-04-09 15:00:00,59.7299995422363,271.503997802734,6.17000007629395,74,1006.66998291016,Pittsburgh
2019-04-09 18:00:00,62.0999984741211,292,9.32999992370605,52,1006.23999023438,Pittsburgh
2019-04-09 21:00:00,59.6699981689453,303,9.75,44,1006.27001953125,Pittsburgh
2019-04-10 00:00:00,52.439998626709,306.502014160156,7.80999994277954,47,1008.38000488281,Pittsburgh
2019-04-10 03:00:00,47.9099998474121,301.501007080078,5.6399998664856,60,1010.07000732422,Pittsburgh
2019-04-10 06:00:00,48.25,313.502014160156,7.17999982833862,62,1011.03997802734,Pittsburgh
2019-04-10 09:00:00,43.3800010681152,327.002014160156,5.19000005722046,65,1012.60998535156,Pittsburgh
2019-04-10 12:00:00,42.2200012207031,326.5,4.26999998092651,65,1014.14001464844,Pittsburgh
2019-04-10 15:00:00,50.7599983215332,309.006011962891,4.82999992370605,54,1014.63000488281,Pittsburgh
2019-04-10 18:00:00,56,308,5.92999982833862,46,1013.59997558594,Pittsburgh
2019-04-10 21:00:00,56.9000015258789,312.502990722656,4.71999979019165,42,1012.59997558594,Pittsburgh
2019-04-11 00:00:00,50.689998626709,346,4.15999984741211,48,1014.21002197266,Pittsburgh
2019-04-11 03:00:00,46.689998626709,41.0047988891602,4.26999998092651,53,1015.41998291016,Pittsburgh
2019-04-11 06:00:00,45.6599998474121,61.5013008117676,4.38000011444092,61,1015.34002685547,Pittsburgh
2019-04-11 09:00:00,44.4300003051758,93.0030975341797,4.96999979019165,87,1013.32000732422,Pittsburgh
2019-04-11 12:00:00,50.060001373291,138.501007080078,6.61999988555908,64,1013.58001708984,Pittsburgh
2019-04-11 15:00:00,67.0699996948242,174.001007080078,6.6399998664856,48,1012.23999023438,Pittsburgh
2019-04-11 18:00:00,72.3399963378906,199.001007080078,8.39000034332275,42,1010.29998779297,Pittsburgh
2019-04-11 21:00:00,73.7099990844727,181.501007080078,8.40999984741211,38,1008.34997558594,Pittsburgh
2019-04-12 00:00:00,68.8000030517578,177.503005981445,9.1899995803833,40,1008.19000244141,Pittsburgh
2019-04-12 03:00:00,66.5100021362305,178.003005981445,10.4200000762939,47,1008.46002197266,Pittsburgh
2019-04-12 06:00:00,67.4300003051758,183.5,10.3999996185303,52,1007,Pittsburgh
2019-04-12 09:00:00,66.6999969482422,182.001998901367,10.0699996948242,68,1004.92999267578,Pittsburgh
2019-04-12 12:00:00,62,203.503997802734,10.6499996185303,88,1004.32000732422,Pittsburgh
2019-04-12 15:00:00,57.4300003051758,254.5,6.42000007629395,98,1007.11999511719,Pittsburgh
2019-04-12 18:00:00,54.7200012207031,216.501007080078,10.0900001525879,88,1006.90997314453,Pittsburgh
2019-04-07 21:00:00,79.4300003051758,211.501998901367,5.53000020980835,73,1018.01000976563,Atlanta
2019-04-08 00:00:00,74.25,202.5,5.6100001335144,71,1017.57000732422,Atlanta
2019-04-08 03:00:00,68.7900009155273,187.003005981445,5.73000001907349,79,1018.65997314453,Atlanta
2019-04-08 06:00:00,66.8099975585938,185.00700378418,5.75,89,1017.59002685547,Atlanta
2019-04-08 09:00:00,65.4000015258789,176.507995605469,6.78000020980835,92,1016.15997314453,Atlanta
2019-04-08 12:00:00,64.2900009155273,171.501007080078,6.17000007629395,92,1015.59997558594,Atlanta
2019-04-08 15:00:00,73.5800018310547,179.001998901367,9.22000026702881,76,1014.78002929688,Atlanta
2019-04-08 18:00:00,70.129997253418,190.509002685547,11.1000003814697,88,1013.21997070313,Atlanta
2019-04-08 21:00:00,71.0899963378906,187.501998901367,9.3100004196167,89,1010.15997314453,Atlanta
2019-04-09 00:00:00,69.8099975585938,192.003005981445,11.6499996185303,85,1008.86999511719,Atlanta
2019-04-09 03:00:00,64.0599975585938,229.501998901367,5.8600001335144,97,1009.95001220703,Atlanta
2019-04-09 06:00:00,64.9499969482422,206.009994506836,4.71999979019165,96,1009.05999755859,Atlanta
2019-04-09 09:00:00,63.3199996948242,219.005996704102,4.82999992370605,97,1007.28002929688,Atlanta
2019-04-09 12:00:00,61.9199981689453,204.001007080078,5.96999979019165,97,1007.83001708984,Atlanta
2019-04-09 15:00:00,67.0199966430664,250.503997802734,2.9300000667572,99,1008.15002441406,Atlanta
2019-04-09 18:00:00,66.870002746582,336,5.40999984741211,99,1006.91998291016,Atlanta
2019-04-09 21:00:00,68.7600021362305,2.50030994415283,6.73000001907349,91,1005.66998291016,Atlanta
2019-04-10 00:00:00,62.9700012207031,0.501586973667145,5.90999984741211,96,1006.70001220703,Atlanta
2019-04-10 03:00:00,58.8899993896484,348.001007080078,8.65999984741211,86,1008.75,Atlanta
2019-04-10 06:00:00,56.6199989318848,1.00182998180389,8.40999984741211,86,1009.91998291016,Atlanta
2019-04-10 09:00:00,54.2700004577637,359.002014160156,5.96999979019165,90,1010.16998291016,Atlanta
2019-04-10 12:00:00,51.6699981689453,2.50045990943909,2.58999991416931,87,1011.70001220703,Atlanta
2019-04-10 15:00:00,66.5999984741211,88.506103515625,4.38000011444092,87,1012.78997802734,Atlanta
2019-04-10 18:00:00,72.1999969482422,106.5,5.59000015258789,70,1011.88000488281,Atlanta
2019-04-10 21:00:00,75.1699981689453,125.502998352051,4.38000011444092,59,1010,Atlanta
2019-04-11 00:00:00,70.0400009155273,119,4.15999984741211,55,1010.04998779297,Atlanta
2019-04-11 03:00:00,64.0599975585938,142.005004882813,7.78000020980835,59,1011.5,Atlanta
2019-04-11 06:00:00,61.5900001525879,151.001007080078,7.96000003814697,67,1011.90002441406,Atlanta
2019-04-11 09:00:00,59.0999984741211,151.003005981445,7.86999988555908,81,1011.84002685547,Atlanta
2019-04-11 12:00:00,58.4300003051758,153.501007080078,8.75,93,1012.90002441406,Atlanta
2019-04-11 15:00:00,70.2200012207031,156.501007080078,10.4499998092651,64,1013.32000732422,Atlanta
2019-04-11 18:00:00,77.379997253418,165.501007080078,12.3000001907349,55,1011.73999023438,Atlanta
2019-04-11 21:00:00,80.0999984741211,177.501007080078,12.6599998474121,44,1009.66998291016,Atlanta
2019-04-12 00:00:00,76.9000015258789,175.503005981445,11.210000038147,41,1009.15002441406,Atlanta
2019-04-12 03:00:00,73.2600021362305,173.503005981445,11.210000038147,50,1009.90002441406,Atlanta
2019-04-12 06:00:00,69.3199996948242,201.5,10.960000038147,46,1010.47998046875,Atlanta
2019-04-12 09:00:00,64.9899978637695,217.001998901367,9.84000015258789,62,1011.16998291016,Atlanta
2019-04-12 12:00:00,63.9799995422363,241.003997802734,9.1899995803833,73,1013.20001220703,Atlanta
2019-04-12 15:00:00,68.6800003051758,280,5.19000005722046,53,1015,Atlanta
2019-04-12 18:00:00,71.0999984741211,279.501007080078,6.17000007629395,37,1015.39001464844,Atlanta
2019-04-07 21:00:00,70.1399993896484,304.002014160156,4.84999990463257,95,1012.60998535156,Austin
2019-04-08 00:00:00,69.7099990844727,352,3.49000000953674,91,1012.53002929688,Austin
2019-04-08 03:00:00,62.1699981689453,70.503303527832,4.6100001335144,95,1014.26000976563,Austin
2019-04-08 06:00:00,55.2200012207031,210.00700378418,2.83999991416931,91,1014.95001220703,Austin
2019-04-08 09:00:00,53.25,279.007995605469,2.79999995231628,90,1015.28002929688,Austin
2019-04-08 12:00:00,55.4700012207031,268.001007080078,3.15000009536743,93,1016.03997802734,Austin
2019-04-08 15:00:00,64.9400024414063,285.002014160156,8.31999969482422,100,1017.09997558594,Austin
2019-04-08 18:00:00,75.620002746582,334.509002685547,8.85999965667725,96,1016.41998291016,Austin
2019-04-08 21:00:00,77.75,342.002014160156,9.85999965667725,80,1014.79998779297,Austin
2019-04-09 00:00:00,75.3000030517578,341.002990722656,7.40000009536743,67,1014.78997802734,Austin
2019-04-09 03:00:00,61.9000015258789,343.002014160156,2.95000004768372,75,1016.27001953125,Austin
2019-04-09 06:00:00,56.4000015258789,321.010009765625,2.71000003814697,82,1016.94000244141,Austin
2019-04-09 09:00:00,53.2400016784668,293.006011962891,2.75,81,1016.08001708984,Austin
2019-04-09 12:00:00,51.5699996948242,288.001007080078,2.95000004768372,79,1016.27001953125,Austin
2019-04-09 15:00:00,72.0599975585938,305.503997802734,4.38000011444092,68,1016.75,Austin
2019-04-09 18:00:00,80.1900024414063,191,4.63000011444092,69,1015.88000488281,Austin
2019-04-09 21:00:00,83.25,181,6.73000001907349,55,1012.83001708984,Austin
2019-04-10 00:00:00,80.3399963378906,177.001998901367,6.80000019073486,47,1011.34002685547,Austin
2019-04-10 03:00:00,69.2399978637695,169.001007080078,9.65999984741211,55,1011.90997314453,Austin
2019-04-10 06:00:00,65.9800033569336,178.501998901367,10.6499996185303,68,1011.35998535156,Austin
2019-04-10 09:00:00,63.2700004577637,193.001998901367,11.0100002288818,65,1009.80999755859,Austin
2019-04-10 12:00:00,60.7599983215332,196,11.210000038147,57,1009.26000976563,Austin
2019-04-10 15:00:00,70.2900009155273,195.505996704102,13.5600004196167,59,1008.86999511719,Austin
2019-04-10 18:00:00,82.4599990844727,190,18.2299995422363,50,1006.59997558594,Austin
2019-04-10 21:00:00,87.5899963378906,187.003005981445,21.7199993133545,39,1002.79998779297,Austin
2019-04-11 00:00:00,84.9800033569336,178,19.8199996948242,34,1000.36999511719,Austin
2019-04-11 03:00:00,78.5500030517578,173.005004882813,19.0400009155273,37,1001.09997558594,Austin
2019-04-11 06:00:00,74.4599990844727,181.501007080078,16.4599990844727,44,1001.34002685547,Austin
2019-04-11 09:00:00,69.7200012207031,215.003005981445,8.65999984741211,44,1002.96002197266,Austin
2019-04-11 12:00:00,62.3899993896484,333.001007080078,7.96000003814697,45,1005.21997070313,Austin
2019-04-11 15:00:00,71.120002746582,357.001007080078,7.86999988555908,38,1007.91998291016,Austin
2019-04-11 18:00:00,78.7300033569336,339.001007080078,9.17000007629395,35,1008.5,Austin
2019-04-11 21:00:00,81,313.501007080078,7.84999990463257,32,1006.98999023438,Austin
2019-04-12 00:00:00,78.6100006103516,298.502990722656,5.73000001907349,26,1007.03002929688,Austin
2019-04-12 03:00:00,62.6399993896484,1.50286996364594,6.17000007629395,31,1009.17999267578,Austin
2019-04-12 06:00:00,55.2799987792969,60.500301361084,3.24000000953674,46,1009.91998291016,Austin
2019-04-12 09:00:00,51.939998626709,61.0018005371094,4.25,38,1010.13000488281,Austin
2019-04-12 12:00:00,51.6500015258789,34.5037994384766,11.4300003051758,41,1012.67999267578,Austin
2019-04-12 15:00:00,63.0099983215332,57.0001983642578,13.6899995803833,40,1014.71997070313,Austin
2019-04-12 18:00:00,72.1900024414063,70.0008010864258,15.5699996948242,41,1014.03002929688,Austin
